seq_name,trial,tracker,conf,iou,frames_processed,rows,unique_ids,median_track_rows,seconds,fps
video_1,botsort_c015_i050,botsort,0.15,0.5,150,978,15,46.0,39.40253400802612,3.806861760957954
video_1,botsort_c030_i040,botsort,0.3,0.4,150,784,13,36.0,41.43735194206238,3.619922436398197
video_1,botsort_c030_i050,botsort,0.3,0.5,150,847,15,32.0,38.11730408668518,3.935220593221249
video_2,botsort_c030_i050,botsort,0.3,0.5,150,1543,23,38.0,91.51130604743958,1.639141724436102
video_3,botsort_c030_i050,botsort,0.3,0.5,150,760,24,13.5,132.92356085777283,1.1284681137943546
video_4,botsort_c030_i050,botsort,0.3,0.5,150,958,18,31.0,167.05977702140808,0.8978821992607955
video_5,botsort_c030_i050,botsort,0.3,0.5,150,907,27,19.0,189.39493203163147,0.7919958490491604
video_1,botsort_c030_i070,botsort,0.3,0.7,150,905,15,45.0,41.6740779876709,3.599359775743014
video_1,botsort_c050_i050,botsort,0.5,0.5,150,561,10,41.5,36.82224893569946,4.073624081514853
video_1,bytetrack_c015_i050,bytetrack,0.15,0.5,150,674,9,58.0,17.70495104789734,8.472206423740108
video_2,bytetrack_c015_i050,bytetrack,0.15,0.5,150,1377,15,114.0,17.54912781715393,8.547433329044303
video_3,bytetrack_c015_i050,bytetrack,0.15,0.5,150,597,19,10.0,19.057838678359985,7.870777087137574
video_4,bytetrack_c015_i050,bytetrack,0.15,0.5,150,845,13,64.0,19.59010910987854,7.656925194171622
video_5,bytetrack_c015_i050,bytetrack,0.15,0.5,150,693,20,18.5,18.698323249816895,8.022109683095188
video_1,bytetrack_c030_i040,bytetrack,0.3,0.4,150,651,9,58.0,17.921722888946533,8.369731020253335
video_2,bytetrack_c030_i040,bytetrack,0.3,0.4,150,1313,16,96.5,21.63826894760132,6.9321626588169405
video_3,bytetrack_c030_i040,bytetrack,0.3,0.4,150,593,18,10.5,25.78927516937256,5.816371302212501
video_4,bytetrack_c030_i040,bytetrack,0.3,0.4,150,809,15,38.0,23.42474603652954,6.4034845784916365
video_5,bytetrack_c030_i040,bytetrack,0.3,0.4,150,673,20,18.5,23.80440878868103,6.301353725336998
video_1,bytetrack_c030_i050,bytetrack,0.3,0.5,150,651,9,58.0,9.979243993759155,15.03119876553849
video_2,bytetrack_c030_i050,bytetrack,0.3,0.5,150,1313,16,96.5,8.95759105682373,16.7455735641931
video_3,bytetrack_c030_i050,bytetrack,0.3,0.5,150,593,18,10.5,8.381083965301514,17.897446275567013
video_4,bytetrack_c030_i050,bytetrack,0.3,0.5,150,809,15,38.0,10.080473899841309,14.880252802634741
video_5,bytetrack_c030_i050,bytetrack,0.3,0.5,150,673,20,18.5,13.252629041671753,11.31850891836917
video_1,bytetrack_c030_i070,bytetrack,0.3,0.7,150,642,9,58.0,23.028403997421265,6.513695001042934
video_2,bytetrack_c030_i070,bytetrack,0.3,0.7,150,1313,16,96.5,23.45317578315735,6.395722327196341
video_3,bytetrack_c030_i070,bytetrack,0.3,0.7,150,593,18,10.5,25.759559869766235,5.823080858460383
video_4,bytetrack_c030_i070,bytetrack,0.3,0.7,150,809,15,38.0,24.433311939239502,6.139159536497483
video_5,bytetrack_c030_i070,bytetrack,0.3,0.7,150,674,20,18.5,23.233333110809326,6.456241094835092
video_1,bytetrack_c050_i050,bytetrack,0.5,0.5,150,561,10,46.5,17.311113119125366,8.664954065506024
video_2,bytetrack_c050_i050,bytetrack,0.5,0.5,150,1122,16,59.5,17.66135025024414,8.493121866371824
video_3,bytetrack_c050_i050,bytetrack,0.5,0.5,150,553,17,10.0,21.038907289505005,7.129647844155177
video_4,bytetrack_c050_i050,bytetrack,0.5,0.5,150,773,17,20.0,19.898942947387695,7.538088852086075
video_5,bytetrack_c050_i050,bytetrack,0.5,0.5,150,518,21,12.0,19.72868514060974,7.603142273847656
